first_name,last_name,email,contact,attributes,opt_in,unsubscribed,updated_at,created_at
Geovanni,Bahringer,isai@mailinator.com,(233) 242-6965,"{""interests"":""fun"",""notes"":""Conqueror culpa cernuus illo aufero.""}",true,true,2024-11-03T19:49:09.103Z,2024-07-09T11:33:07.829Z
Tyrel,Effertz,rose@mailinator.com,1-744-991-6557 x0323,"{""interests"":""marksman"",""notes"":""Uterque creo admiratio ultra via maiores sperno auditor demergo minus.""}",false,false,2024-11-04T03:15:02.681Z,2024-03-09T14:10:28.149Z
Rachael,Jacobs,garrick@mailinator.com,1-232-316-8280 x562,"{""interests"":""publication"",""notes"":""Arbor depereo attero curriculum.""}",true,true,2024-11-03T20:53:55.718Z,2024-03-21T04:37:09.785Z
Yvette,Gulgowski,myron@mailinator.com,584-557-1425 x85667,"{""interests"":""minority"",""notes"":""Veritas absorbeo cuius comparo aeger.""}",false,true,2024-11-03T17:29:09.601Z,2023-11-10T01:26:40.158Z
Delmer,Cole,golden@mailinator.com,701.316.0438 x37383,"{""interests"":""juggernaut"",""notes"":""Amiculum certe defungo carmen venia adiuvo utroque vinculum.""}",false,true,2024-11-04T00:19:54.512Z,2024-02-09T20:04:05.880Z
Trever,Fisher,lacey@mailinator.com,207-966-0564,"{""interests"":""blossom"",""notes"":""Volva certe articulus tandem credo depono debeo callide.""}",false,false,2024-11-03T21:48:19.214Z,2024-05-04T10:59:52.011Z
Viva,Waters-Pouros,zaria@mailinator.com,1-542-754-7137 x44089,"{""interests"":""recovery"",""notes"":""Crux deporto cornu caste arcus tamdiu baiulus viridis.""}",true,true,2024-11-03T08:20:48.865Z,2024-07-13T11:38:41.729Z
Glenna,Graham,dimitri@mailinator.com,786-200-4698 x7179,"{""interests"":""priesthood"",""notes"":""Cupiditate molestias corpus quaerat auditor appello tantillus theologus temporibus.""}",true,true,2024-11-04T01:43:54.925Z,2024-07-27T20:55:09.458Z
Casper,Miller,anahi@mailinator.com,1-999-432-0174 x80116,"{""interests"":""sprinkles"",""notes"":""Amicitia facere placeat contabesco benigne facilis cumque.""}",false,true,2024-11-03T20:20:06.070Z,2024-04-28T09:43:34.382Z
Steve,Friesen,braxton@mailinator.com,1-865-562-4935 x941,"{""interests"":""molasses"",""notes"":""Cruentus talio sto nobis speculum.""}",true,false,2024-11-03T19:52:38.917Z,2024-05-06T17:00:49.600Z
